user_name,user_password,user_domain,email_address,qrlocation,secretkey
rloader001,Password100,ctxlab.local,rloader001@ctxlab.local,,123456
rloader002,Password100,ctxlab.local,rloader002@ctxlab.local,,123456
rloader003,Password100,ctxlab.local,rloader003@ctxlab.local,,123456
rloader004,Password100,ctxlab.local,rloader004@ctxlab.local,,123456
rloader005,Password100,ctxlab.local,rloader005@ctxlab.local,,123456
rloader006,Password100,ctxlab.local,rloader006@ctxlab.local,,123456
rloader007,Password100,ctxlab.local,rloader007@ctxlab.local,,123456
rloader008,Password100,ctxlab.local,rloader008@ctxlab.local,,123456
rloader009,Password100,ctxlab.local,rloader009@ctxlab.local,,123456
rloader010,Password100,ctxlab.local,rloader010@ctxlab.local,,123456
rloader011,Password100,ctxlab.local,rloader011@ctxlab.local,,123456
rloader012,Password100,ctxlab.local,rloader012@ctxlab.local,,123456
rloader013,Password100,ctxlab.local,rloader013@ctxlab.local,,123456
rloader014,Password100,ctxlab.local,rloader014@ctxlab.local,,123456
rloader015,Password100,ctxlab.local,rloader015@ctxlab.local,,123456
rloader016,Password100,ctxlab.local,rloader016@ctxlab.local,,123456
rloader017,Password100,ctxlab.local,rloader017@ctxlab.local,,123456
rloader018,Password100,ctxlab.local,rloader018@ctxlab.local,,123456
rloader019,Password100,ctxlab.local,rloader019@ctxlab.local,,123456
rloader020,Password100,ctxlab.local,rloader020@ctxlab.local,,123456
