﻿<?xml version="1.0" encoding="utf-8"?>
<commandcontainer type="scenario" name="Browser - Video1.xml" scenariotype="Process" colordepth="32" lockinput="0" report="1" commandwaittime="1000" excludecommandwaittime="0" referencetime="1000" imgtolerance="0" errorsize="15" projectname="euc workload" createdby="ssun" creationdate="8/24/2020 09:35:44 AM" lastmodifiedby="rloader001" lastmodifieddate="10/27/2021 06:03:55 PM" lastusedid="16353578167640000" scenarioid="1635357816764" sbversion="21.09.1" donotcloseopenedprocesses="1" usecv="0" excelheadersstartrow="1" excelheadersendrow="1" exceldelimiter=":" commentedout="0" id="0" scenariosection="" step="0">
  <errormessage message="%_scenario% Failed at the step number %_step% %_action% %_warning% iteration: %_iteration%" />
  <command type="keyboardtypetext" encrypted="" timeout="" advancedfind="" delay="" cleanup="1" commentedout="0" id="15982617442300009" scenariosection="" step="1">
    <text>file://c:/users/%user_name%/Automai/content/video/video1.html</text>
    <window />
    <key />
  </command>
  <command type="keyboardkey" action="Press" timeout="10000" commentedout="0" id="15982617442300006" scenariosection="" step="2">
    <key key1="Enter" />
    <window />
  </command>
  <command type="transaction" name="Open Video1" begin="1" referencetime="" report="" uflag="U" commentedout="0" id="15982617442300012" scenariosection="" step="3"></command>
  <command type="findbitmap" timeout="10000" continueonfail="" percentlinetolerance="5" colortolerance="0" anchorx="Center" anchory="Center" repaction="Page Down" repwait="1" reptimes="0" sleeptime="1000" balloon="0" useanchor="None" statusvariable="ExecMyImageStatus" commentedout="0" id="15982617442300010" scenariosection="" step="4">
    <searcharea xstart="" ystart="" xend="" yend="" dx="0" dy="0" />
    <excludearea xstart="0" ystart="0" xend="0" yend="0" />
    <coordvars />
    <bitmapname xpos="22" ypos="98" xsize="78" ysize="60">HTML - Video1_Img3.bmp</bitmapname>
  </command>
  <command type="transaction" name="Open Video1" end="1" referencetime="" report="" uflag="U" commentedout="0" id="15982617442300013" scenariosection="" step="5"></command>
  <command type="Wait" millisecs="15000" commentedout="0" id="15982617442300011" scenariosection="" step="6"></command>
  <Usage>
    <commandcontainer type="scenario" name="HTML - Video1.xml">
      <command type="findbitmap">
        <bitmapname>HTML - Video1_Img1.bmp</bitmapname>
        <bitmapname>HTML - Video1_Img1_alt1.bmp</bitmapname>
      </command>
      <command type="findbitmap">
        <bitmapname>HTML - Video1_Img2.bmp</bitmapname>
        <bitmapname>HTML - Video1_Img2_alt1.bmp</bitmapname>
      </command>
    </commandcontainer>
  </Usage>
</commandcontainer>