<?xml version="1.0"?>
<commandcontainer type="scenario" name="Logoff User.xml" scenariotype="Snippet" colordepth="32" lockinput="0" report="1" commandwaittime="1000" excludecommandwaittime="0" referencetime="1000" imgtolerance="0" errorsize="15" projectname="euc workloads" createdby="rloader001" creationdate="9/16/2021 10:40:32 AM" lastmodifiedby="rloader099" lastmodifieddate="2/10/2023 12:19:12 PM" lastusedid="16317889223540015" scenarioid="1631788922354" sbversion="23.1.1" description="Logoff User on Failure" donotcloseopenedprocesses="1" usecv="0" excelheadersstartrow="1" excelheadersendrow="1" exceldelimiter=":" commentedout="0" id="0" scenariosection="" step="0">
	<errormessage message="%_scenario% Failed at the step number %_step% %_action% %_warning% iteration: %_iteration%" />

	<command type="if" expression="%Logoff_On_Failure% != 0" showelse="0" commentedout="0" id="16317889223540006" scenariosection="" step="1">
	
		<then commentedout="0" id="16317889223540007" scenariosection="" step="2">
		
			<command type="transaction" name="Logoff" begin="1" referencetime="" report="" uflag="U" commentedout="0" id="16317889223540010" step="3" scenariosection="">
			
			</command>
			<command type="execute" stylename="pshellcommand" powershellcommand="logoff" execpolicy="Bypass" isremote="1" timeout="10000" statusvariable="ExecMyComponentStatus" commentedout="0" id="16317889223540009" scenariosection="" step="4">
				<expression expression="" />
			
			</command>
			<command type="findbitmap" stylename="wait_image_to_disappear" timeout="30000" continueonfail="1" percentlinetolerance="0" colortolerance="0" anchorx="Center" anchory="Center" repaction="Page Down" repwait="1" reptimes="0" sleeptime="1000" useanchor="None" waittodisappear="1" statusvariable="ExecMyImageStatus" commentedout="0" id="16317889223540014" step="5" scenariosection="">
				<searcharea dx="0" dy="0" />
				<excludearea xstart="0" ystart="0" xend="0" yend="0" />
				<window />
				<bitmapname xsize="38" ysize="32">Initiation_Img5_alt2.bmp</bitmapname>
			
			</command>
			<command type="transaction" name="Logoff" end="1" referencetime="" report="" uflag="U" commentedout="0" id="16317889223540015" step="6" scenariosection="">
			
			</command>
		</then>
		<else commentedout="0" id="16317889223540008" scenariosection="" step="7">
		
		</else>
	</command>

<Usage><commandcontainer type="scenario" name="Logoff User.xml"><command type="findbitmap"><bitmapname>Initiation_Img5_alt2.bmp</bitmapname><bitmapname>Initiation_Img5_alt2_2.bmp</bitmapname></command></commandcontainer></Usage></commandcontainer>